Model,Accuracy,Precision,Recall,F1,ROC AUC
XGBoost,0.7808219178082192,0.15748031496062992,0.8,0.2631578947368421,0.8463168724279836
Decision Tree,0.9060665362035225,0.140625,0.18,0.15789473684210525,0.5617078189300411
Random Forest,0.9500978473581213,0.42857142857142855,0.06,0.10526315789473684,0.7859979423868313
Neural Net (MLP),0.949119373776908,0.375,0.06,0.10344827586206896,0.8016666666666667
Logistic Regression,0.9510763209393346,0.0,0.0,0.0,0.8413168724279836
k-NN,0.9432485322896281,0.0,0.0,0.0,0.596687242798354
